{"cameraMode":{"drawMode":0,"name":"Shaded","section":"Shading Mode"},"sceneLighting":true,"audioPlay":false,"sceneViewState":{"m_AlwaysRefresh":false,"showFog":true,"showSkybox":true,"showFlares":true,"showImageEffects":true,"showParticleSystems":true,"showVisualEffectGraphs":true,"m_FxEnabled":true},"in2DMode":false,"pivot":{"x":7.971615314483643,"y":10.557718276977539,"z":11.068485260009766},"rotation":{"x":-0.012601872906088829,"y":-0.001502514467574656,"z":0.000018107242794940248,"w":0.9999606609344482},"size":11.182130813598633,"orthographic":false}