{"cameraMode":{"drawMode":0,"name":"Shaded","section":"Shading Mode"},"sceneLighting":true,"audioPlay":false,"sceneViewState":{"m_AlwaysRefresh":false,"showFog":true,"showSkybox":true,"showFlares":true,"showImageEffects":true,"showParticleSystems":true,"showVisualEffectGraphs":true,"m_FxEnabled":true},"in2DMode":false,"pivot":{"x":8.843781471252442,"y":16.381031036376954,"z":-0.8393220901489258},"rotation":{"x":0.08778823912143707,"y":0.00448369886726141,"z":-0.0003606507380027324,"w":0.99616938829422},"size":11.182130813598633,"orthographic":false}